Expo_Name,Expo_Year,Expo_Country,Expo_City,Setlist
Miku Expo 2014 Indonesia,2014,Indonesia,Jakarta,Miku Expo 2014 Indonesia
Miku Expo 2014 Los Angeles,2014,United States of America,Los Angeles,Miku Expo 2014 USA
Miku Expo 2014 New York,2014,United States of America,New York,Miku Expo 2014 USA
Miku Expo 2015 Shanghai,2015,China,Shanghai,Miku Expo 2015 China
Miku Expo 2016 Fukuoka,2016,Japan,Fukuoka,Miku Expo 2016 Japan
Miku Expo 2016 Osaka,2016,Japan,Osaka,Miku Expo 2016 Japan
Miku Expo 2016 Nagoya,2016,Japan,Nagoya,Miku Expo 2016 Japan
Miku Expo 2016 Sapporo,2016,Japan,Sapporo,Miku Expo 2016 Japan
Miku Expo 2016 Tokyo,2016,Japan,Tokyo,Miku Expo 2016 Japan
Miku Expo 2016 Seattle,2016,United States of America,Seattle,Miku Expo 2016 North America
Miku Expo 2016 San Francisco,2016,United States of America,San Francisco,Miku Expo 2016 North America
Miku Expo 2016 Los Angeles,2016,United States of America,Los Angeles,Miku Expo 2016 North America
Miku Expo 2016 Dallas,2016,United States of America,Dallas,Miku Expo 2016 North America
Miku Expo 2016 Houston,2016,United States of America,Houston,Miku Expo 2016 North America
Miku Expo 2016 Toronto,2016,Canada,Toronto,Miku Expo 2016 North America
Miku Expo 2016 Chicago,2016,United States of America,Chicago,Miku Expo 2016 North America
Miku Expo 2016 New York,2016,United States of America,New York,Miku Expo 2016 North America
Miku Expo 2016 Monterrey,2016,Mexico,Monterrey,Miku Expo 2016 North America
Miku Expo 2016 Mexico City,2016,Mexico,Mexico City,Miku Expo 2016 North America
Miku Expo 2016 New Taipei City,2016,Taiwan,New Taipei City,Miku Expo 2016 Taiwan
Miku Expo 2016 Shanghai,2016,China,Shanghai,Miku Expo 2016 China
Miku Expo 2016 Beijing,2016,China,Beijing,Miku Expo 2016 China
Miku Expo 2017 Kuala Lumpur,2017,Malaysia,Kuala Lumpur,Miku Expo 2017 Malaysia
Miku Expo 2018 Los Angeles,2018,United States of America,Los Angeles,Miku Expo 2018 North America
Miku Expo 2018 San Jose,2018,United States of America,San Jose,Miku Expo 2018 North America
Miku Expo 2018 Dallas,2018,United States of America,Dallas,Miku Expo 2018 North America
Miku Expo 2018 Austin,2018,United States of America,Austin,Miku Expo 2018 North America
Miku Expo 2018 Washington D.C,2018,United States of America,"Washington D.C.",Miku Expo 2018 North America
Miku Expo 2018 New York,2018,United States of America,New York,Miku Expo 2018 North America
Miku Expo 2018 Mexico City,2018,Mexico,Mexico City,Miku Expo 2018 North America
Miku Expo 2018 Paris,2018,France,Paris,Miku Expo 2018 Paris
Miku Expo 2018 Cologne,2018,Germany,Cologne,Miku Expo 2018 Cologne
Miku Expo 2018 London,2018,United Kingdom,London,Miku Expo 2018 London
Miku Expo 2019 New Taipei City,2019,Taiwan,New Taipei City,Miku Expo 2019 New Taipei City
Miku Expo 2019 Hong Kong,2019,China,Hong Kong,Miku Expo 2019 Hong Kong
Miku Expo 2020 London,2020,United Kingdom,London,Miku Expo 2020 London/Berlin
Miku Expo 2020 Paris,2020,France,Paris,Miku Expo 2020 Paris
Miku Expo 2020 Berlin,2020,Germany,Berlin,Miku Expo 2020 London/Berlin
Miku Expo 2020 Amsterdam,2020,Netherlands,Amsterdam,Miku Expo 2020 Amsterdam
Miku Expo 2020 Barcelona,2020,Spain,Barcelona,Miku Expo 2020 Barcelona
Miku Expo 2024 Vancouver,2024,Canada,Vancouver,Miku Expo 2024 North America
Miku Expo 2024 Portland,2024,United States of America,Portland,Miku Expo 2024 North America
Miku Expo 2024 San Jose,2024,United States of America,San Jose,Miku Expo 2024 North America
Miku Expo 2024 Pheonix,2024,United States of America,Pheonix,Miku Expo 2024 North America
Miku Expo 2024 Los Angeles,2024,United States of America,Los Angeles,Miku Expo 2024 North America
Miku Expo 2024 Denver,2024,United States of America,Denver,Miku Expo 2024 North America
Miku Expo 2024 Dallas,2024,United States of America,Dallas,Miku Expo 2024 North America
Miku Expo 2024 Austin,2024,United States of America,Austin,Miku Expo 2024 North America
Miku Expo 2024 Atlanta,2024,United States of America,Atlanta,Miku Expo 2024 North America
Miku Expo 2024 Orlando,2024,United States of America,Orlando,Miku Expo 2024 North America
Miku Expo 2024 Washington,2024,United States of America,"Washington, D.C.",Miku Expo 2024 North America
Miku Expo 2024 Newark,2024,United States of America,Newark,Miku Expo 2024 North America
Miku Expo 2024 Boston,2024,United States of America,Boston,Miku Expo 2024 North America
Miku Expo 2024 Detroit,2024,United States of America,Detroit,Miku Expo 2024 North America
Miku Expo 2024 Chicago,2024,United States of America,Chicago,Miku Expo 2024 North America
Miku Expo 2024 Toronto,2024,Canada,Toronto,Miku Expo 2024 North America
Miku Expo 2024 Mexico City,2024,Mexico,Mexico City,Miku Expo 2024 North America
Miku Expo 2024 London,2024,United Kingdom,London,Miku Expo 2024 Europe
Miku Expo 2024 Brussels,2024,Belgium,Brussels,Miku Expo 2024 Europe
Miku Expo 2024 Paris,2024,France,Paris,Miku Expo 2024 Europe
Miku Expo 2024 Amsterdam,2024,Netherlands,Amsterdam,Miku Expo 2024 Europe
Miku Expo 2024 Düsseldorf,2024,Germany,Düsseldorf,Miku Expo 2024 Europe
Miku Expo 2024 Berlin,2024,Germany,Berlin,Miku Expo 2024 Europe
Miku Expo 2024 Auckland,2024,New Zealand,Auckland,Miku Expo 2024 New Zealand & Australia
Miku Expo 2024 Sydney,2024,Australia,Sydney,Miku Expo 2024 New Zealand & Australia
Miku Expo 2024 Melbourne,2024,Australia,Melbourne,Miku Expo 2024 New Zealand & Australia
Miku Expo 2024 Perth,2024,Australia,Perth,Miku Expo 2024 New Zealand & Australia


